title,company,location,link
"Senior Software Engineer, Python",YouGov,No office location,https://stackoverflow.com/jobs/514399
Développeur-euse Fullstack (Python/Flask),Fintel SAS,"Marseille, France",https://stackoverflow.com/jobs/465113
DevOps Engineer with interesting scale up challenges,Channable,"Utrecht, Netherlands",https://stackoverflow.com/jobs/500253
FullStack WebDeveloper,Centogene GmbH,"Beograd, Serbia",https://stackoverflow.com/jobs/515860
Senior Full-stack Software Engineer,WorkStep,No office location,https://stackoverflow.com/jobs/517539
Python Backend Developer (m/f/d) - Industrial Data Science and Software,Smart Steel Technologies GmbH,"Berlin, Germany",https://stackoverflow.com/jobs/334428
Lead Developer Backend / Softwarearchitekt (m/w/d) Python/Django,Bundesdruckerei GmbH,"Hamburg, Deutschland",https://stackoverflow.com/jobs/485922
Full Stack Software Engineer,kaliber.ai,"San Francisco, CA",https://stackoverflow.com/jobs/251476
"Lead Software Engineer, Python",Verys,"Santa Ana, CA",https://stackoverflow.com/jobs/517644
Senior Software Developer Python (m/f/d),Ströer Online Marketing,"Hamburg, Deutschland",https://stackoverflow.com/jobs/462625
Backend Engineer (m/f/d),Smartlane GmbH,"München, Germany",https://stackoverflow.com/jobs/485063
Senior Full Stack Developer,Dash HudsonviaAlongside,"Halifax, NS, Canada",https://stackoverflow.com/jobs/515562
Software Engineer - Fullstack,Yelp,"London, UK",https://stackoverflow.com/jobs/504917
Fullstack Web Developer,Smart Energy Lab,"Lisbon, Portugal",https://stackoverflow.com/jobs/465125
Senior Python Engineer,YouGov,No office location,https://stackoverflow.com/jobs/509007
Python Developer/ Trading Systems Engineer,Huxley Banking & Financial ServicesviaHuxley (US),"New York, NY",https://stackoverflow.com/jobs/509419
Full Stack Developer (m/w/d),MDM Münzhandelsgesellschaft mbH & Co. KG,"Braunschweig, Deutschland",https://stackoverflow.com/jobs/515463
Python Developer,Marketer Technologies AS,No office location,https://stackoverflow.com/jobs/518200
Digital - API - Lead Software Engineer - SDKs and Connectors,FactSet,"Boston, MA",https://stackoverflow.com/jobs/465686
Software Engineer (Backend) (m/f/d),QuantCo,"Berlin, Germany",https://stackoverflow.com/jobs/409511
Senior Backend Engineer,Penn Interactive Ventures,"Philadelphia, PA",https://stackoverflow.com/jobs/472047
(Junior) Python Software Developer (m/w/d),ENERCON GmbH,"Bremen, Deutschland",https://stackoverflow.com/jobs/487071
Senior Marketing Software Engineer (Python) - 5605,"Chewy, Inc.","Dania Beach, FL",https://stackoverflow.com/jobs/501814
Développeur Backend Python Senior (F/H),Thegreendata,"Paris, France",https://stackoverflow.com/jobs/515492
Python Developer,Addison Group,"Washington, DC",https://stackoverflow.com/jobs/501812
Senior Backend Engineer,"Find Your Info, Corp",No office location,https://stackoverflow.com/jobs/469150
"Senior Software Engineer, Platform API",ReCharge Payments,No office location,https://stackoverflow.com/jobs/463333
(Senior) Backend Python Developer (m/f/x),Alasco,"München, Germany",https://stackoverflow.com/jobs/388312
Backend Engineer,Hiretual,"Mountain View, CA",https://stackoverflow.com/jobs/509331
"Full Stack Engineer, Data Platform",Bright Cellars,No office location,https://stackoverflow.com/jobs/510710
Python Software Engineer,bloomon,"Amsterdam, Netherlands",https://stackoverflow.com/jobs/515564
Backend Engineer,Gordian Software,No office location,https://stackoverflow.com/jobs/474790
Python Developer suchen Kollegen (m/w/d),solute GmbH,"Karlsruhe, Deutschland",https://stackoverflow.com/jobs/284443
Full Stack Python Engineer,"JPMorgan Chase Bank, N.A.","Plano, TX",https://stackoverflow.com/jobs/518247
Senior Python Backend Engineer,Kranus Health GmbH,"München, Deutschland",https://stackoverflow.com/jobs/493234
Senior DevOps Engineer,Postscript,No office location,https://stackoverflow.com/jobs/469781
Python Web Developer,RavenPack International SL.,"Marbella, Spain",https://stackoverflow.com/jobs/470988
Support Engineer,Postscript,No office location,https://stackoverflow.com/jobs/474775
Backend Engineer - Working Student (m/f/d),Motius GmbH,"München, Deutschland",https://stackoverflow.com/jobs/456520
Senior Backend Software Engineer,Cambly,"San Francisco, CA",https://stackoverflow.com/jobs/459158
Python Backend Engineer,Skillhouse Staffing Solutions,"Tokyo, Japan",https://stackoverflow.com/jobs/465919
Senior Python Backend Engineer,Outliant,No office location,https://stackoverflow.com/jobs/501800
Software Engineering - Python,"JPMorgan Chase Bank, N.A.","Bengaluru, India",https://stackoverflow.com/jobs/517951
Machine Learning Engineer (m/f/d) - Industrial Data Science and Software,Smart Steel Technologies GmbH,"Berlin, Germany",https://stackoverflow.com/jobs/273378
Python Service Developer (m/w/d),Enote GmbH,"Berlin, Deutschland",https://stackoverflow.com/jobs/508338
Infrastructure Development - File Storage,"JPMorgan Chase Bank, N.A.","Hyderabad, India",https://stackoverflow.com/jobs/517824
Technical Lead (Backend) (M/F/D),VMRay,"Bochum, Deutschland",https://stackoverflow.com/jobs/443585
Sr. Python Software Engineer,Global Reach Consulting LLC,"Reston, VA",https://stackoverflow.com/jobs/417839
Full Stack Engineer - f/m/x,door2door,"Berlin, Germany",https://stackoverflow.com/jobs/500539
Senior Software Engineer - Python,Andela,No office location,https://stackoverflow.com/jobs/515967
Infrastructure Site Reliability Engineer,"JPMorgan Chase Bank, N.A.","Columbus, OH",https://stackoverflow.com/jobs/518237
Senior Backend Python Developer (Copenhagen),GameAnalytics,"Copenhagen, Denmark",https://stackoverflow.com/jobs/510434
"Senior Software Development Engineer, Integrations",ReCharge Payments,No office location,https://stackoverflow.com/jobs/512380
Senior Python Developer,"Perch Security, Inc.",No office location,https://stackoverflow.com/jobs/500468
Python Software Developer,UBIMET GmbH,"Wien, Österreich",https://stackoverflow.com/jobs/412367
"Frontend Developer / Engineer (Vue, Vuetify, Tailwind CSS, Shopify)",Opinew,No office location,https://stackoverflow.com/jobs/514643
Lead Software Engineer for PostgreSQL,"JPMorgan Chase Bank, N.A.","Bournemouth, UK",https://stackoverflow.com/jobs/516759
DevOps Engineer,Density,No office location,https://stackoverflow.com/jobs/481185
Python Software Engineer (40h/wk),Channable,"Utrecht, Netherlands",https://stackoverflow.com/jobs/265091
Senior Superhero Python Developer to protect the Bank from counterparty risk,Deutsche BankviaJWiderberg Inc. DBA Insight Resource Group,"New York, NY",https://stackoverflow.com/jobs/453533
Software Engineering,"JPMorgan Chase Bank, N.A.","Bengaluru, India",https://stackoverflow.com/jobs/511193
Looking for an Amazing Senior Python Developer,Tech9,"Pune, India",https://stackoverflow.com/jobs/468707
Python Software Engineer (40h/wk),Channable,"Utrecht, Netherlands",https://stackoverflow.com/jobs/458136
Senior Full Stack Engineer,"UrbanFootprint, Inc.","Berkeley, CA",https://stackoverflow.com/jobs/486612
Software Architect - Remote,SemanticBits,No office location,https://stackoverflow.com/jobs/501832
Senior Fullstack Python Developer,Backtracks,No office location,https://stackoverflow.com/jobs/509421
Senior Software Engineering Manager,Ascend Analytics,"Boulder, CO",https://stackoverflow.com/jobs/443765
Senior Full Stack Engineer,NOCD,"Chicago, IL",https://stackoverflow.com/jobs/512069
Python Analytics Developer,"JPMorgan Chase Bank, N.A.","Plano, TX",https://stackoverflow.com/jobs/517971
Senior Backend and Infrastructure Engineer,Plotly Technologies Inc,No office location,https://stackoverflow.com/jobs/512347
Sr. Software Developer,Wine Retriever LLC,"Farmers Branch, TX",https://stackoverflow.com/jobs/513638
Senior Platform Engineer,Aiven Australia Pty Ltd,"The Rocks, Australia",https://stackoverflow.com/jobs/483232
Senior Software Engineer - Python,DIGARC,No office location,https://stackoverflow.com/jobs/425402
Full Stack Engineer - Level II,Swift Medical Inc.,No office location,https://stackoverflow.com/jobs/512341
"Full Stack Software Developer - Python, MySQL, VueJS",Tails.com,"Richmond, UK",https://stackoverflow.com/jobs/487607
Senior Full Stack Software Engineer,Samotics,"Leiden, Netherlands",https://stackoverflow.com/jobs/516831
"Full Stack Software Developer - Python, MySQL, VueJS",Tails.com,"Richmond, UK",https://stackoverflow.com/jobs/487607
Engineering Manager,Postscript,No office location,https://stackoverflow.com/jobs/505270
Ensembl Production Software Developer,European Bioinformatics Institute (EMBL-EBI),"Hinxton, UK",https://stackoverflow.com/jobs/504946
Mid - Senior Software Developer (Ruby on Rails),ScoutAPM,No office location,https://stackoverflow.com/jobs/496624
Software Engineer - Public Cloud,"JPMorgan Chase Bank, N.A.","Bengaluru, India",https://stackoverflow.com/jobs/509816
Senior Backend Engineer (m/f/d) - Python,Motius GmbH,"München, Deutschland",https://stackoverflow.com/jobs/510711
Infrastructure Software Engineer,"JPMorgan Chase Bank, N.A.","Glasgow, UK",https://stackoverflow.com/jobs/517892
Senior Cloud  Systems Engineer (JoinOCI),Oracle,"Bucharest, Romania",https://stackoverflow.com/jobs/512395
Python Engineer for Ancillaries Tribe,Kiwi.com,"Brno, Czechia",https://stackoverflow.com/jobs/451951
Software Engineering,"JPMorgan Chase Bank, N.A.","Mumbai, India",https://stackoverflow.com/jobs/517490
Full Stack Engineer / Server Programmer,kwalee Ltd,"Bengaluru, India",https://stackoverflow.com/jobs/498098
Staff/Principal Front-End React.js Engineer,Contrast Security,No office location,https://stackoverflow.com/jobs/514482
Software Engineering,"JPMorgan Chase Bank, N.A.","Mumbai, India",https://stackoverflow.com/jobs/518346
Python Developer II,Flashpoint,No office location,https://stackoverflow.com/jobs/483496
Senior back-end engineer (primarily Python),Mote Technologies Inc.,No office location,https://stackoverflow.com/jobs/515956
DevOps Software Engineer (Data Engineering Team) - DU Grade,Lloyds Banking Group,"London, UK",https://stackoverflow.com/jobs/492573
BUSINESS INTELLIGENCE ENGINEER,FELFEL,"Zürich, Switzerland",https://stackoverflow.com/jobs/504905
SENIOR FULL STACK DEVELOPER .NET,FELFEL,"Zürich, Switzerland",https://stackoverflow.com/jobs/504906
Senior Backend Engineer (m/w/x) - remote possible,Jimdo,"Hamburg, Germany",https://stackoverflow.com/jobs/435270
"Lead Engineer - Python, MySQL, VueJS",Tails.com,"Richmond, UK",https://stackoverflow.com/jobs/391983
Senior Backend Engineer,Crowdskout,No office location,https://stackoverflow.com/jobs/502018
